5	titl 106902
22	titl 197303 perhap one biggest realize i made relat new parent incred judgment i pre children
30	titl 189490 on weekend stylelist editor blogger network member practic preach entail scour flea market
28	titl 68195 the controversi organ must strike superstar still hot
29	titl 112734
15	titl 90333 oil compani elect offici pledg protect coastlin safeti measur yet promot expos prize beach risk oil gas extract
24	titl 69589 i win hillari one one i even start yet
2	titl 920 our goal normal black
18	titl 52496 mani teen think contract hiv use infect person eat utensil kiss tongu
35	titl 188279 the big day perfect honeymoon better still you came home truckload gift envelop stuf
10	titl 120608 after fantast televis season top pick year emmi
24	titl 23602 no matter side win danger polit sum one word overconfid
12	titl 48365 confus enrol medicar peopl turn 65 cost consequ depend situat sign medicar could pay insur need
28	titl 30210 this game 1
23	titl 16139 the actress said never warn part parenthood
19	titl 67267 the puerto rican singer nsfw critic brought crowd feet
10	titl 172856 life pi strang affect film employ adventur stori 3d photographi pose simpl question doe god exist
10	titl 45546 did internet
11	titl 192987 both home disappear last week taroa i saw beach begun creep inland coconut tree fallen sideway sandi soil beneath inund expand ocean
20	titl 117181
24	titl 21417 in normal polit crise everyon wait shoe drop the russia trump scandal upgrad earlier
27	titl 96178
10	titl 84445 that busi
30	titl 179356 kate middleton princ william accustom arriv style imagin prepar awesom
19	titl 52051 i got news donald trump we along civil right leader said
24	titl 74331 corinthian colleg student dupe feder student loan face hurdl debt cancel
24	titl 49794 and drag republican governor reelect chanc
9	titl 98569 a recent articl note tfa program sudden recruit problem the articl reveal applic 10 percent yet demand recruit program extrem high accord co chief execut teach america
37	titl 169124 there plenti global choic at close 2012 350 intern hospit award jci accredit offer near type medic procedur patient seek access lower price medic care without compromis qualiti
35	titl 183101 how sad differ last name marriag longer progress sign gender equal social accept presum sign divorc
24	titl 4766 without deep understand 2016 intrus expert warn state stop happen
37	titl 136051 you need 23 minut get tone gym we show
39	titl 25351 fascism right sinc deriv healthi nation patriot sensibl without peopl neither lay
13	titl 153551 summer light easi quick meal plenti good snack drink treat
20	titl 48746 when cat away mice play or case troll
24	titl 67732 the daughter former vice presid start campaign gaff
10	titl 77123 it busiest day ever onlin book
25	titl 88870 when one person becom synonym entir group easi forget experi norm
33	titl 75991 turkish novelist essayist kaya genc share thought socioeconom challeng countri face
17	titl 148610 featur hgtv extrem home four stori abod took year half build cover tradit
33	titl 78445 some peopl leav hous get bread find someth eat get attack
35	titl 137146 i spent lot time speak peopl wed industri sex wed i notic lot peopl misconcept realli goe fabul celebr
8	titl 146945 let say sleep someon first date hear or guy call return call if slept person feel much wors
10	titl 118035
27	titl 71831 good dog get whole new mean
23	titl 111885 i alway knew i want breastfe i realiz difficult would wean
28	titl 79307 your kid cuter kid
34	titl 127820 in first centuri new millennium panama becam new nation central america fast forward present day new central american travel destin readi take crown next hot destin
29	titl 53716 pretti woman walk street
35	titl 198561 the reason behind secret nuptial accord chris thoma spokesman smart bride kidnap
37	titl 185557 for weight loss click got success stori send us success stori huffingtonpost com
24	titl 99839
24	titl 43935 as constitut scholar i studi fbi troubl histori deliber abus search warrant power go unconstitut fish expedit american email it seem like happen
37	titl 150045 this studi tell us valid concern make meaning conclus new studi this studi not indic omega 3 supplement eat fish contributori factor prostat cancer equat numer reason
23	titl 50604 the studi base video footag babi sleep home
30	titl 128279 go without a hat as one queen grandchildren expect noth less underst eleg olymp
5	titl 11955 so excit
33	titl 38417 sea accid frequent indonesia sprawl archipelago vessel often overload life jacket boat
31	titl 90680 the result dip tast noth like stuff grow kid
19	titl 123497
35	titl 153079 nobodi knew my father absolut noth but strategi long i known
2	titl 34515 the rapper join a tribe call quest anderson paak onstag sunday night
2	titl 16917 in dark day discont so mani feel despair as poverti dissid caus sad everywher on may 11 1997
37	titl 143081 round month top 10 new singl eminem elli gould britney spear along addit remix rihanna bruno mar
25	titl 79807 my wife megan i live live proud internet marri lesbian coupl howev life alway way i came i 15 year old small conserv town kentucki it one hardest thing i ever one best decis i ever made
29	titl 103200
20	titl 101694 some feel charli hebdo poke fun ridicul cultur religion religi figur cross line creat prejudic perhap even incit hatr violenc this time i find squar defend charli hebdo freedom express
24	titl 32573 there presidenti presid trump we stop hope
13	titl 131615 a breakfast recip mani whose dietari restrict make tough find one
33	titl 58072 mullah akhtar mansour continu plot unleash attack american coalit forc obama state
5	titl 110556
24	titl 110599 in countless way polit forc arisen right move nation toward tyranni cruelti serfdom whi liber america time shown littl spirit america heroic forebear
5	titl 110533
24	titl 24128 don love say i told that mani legal expert say today last week mani specul
26	titl 32621 the koran teach us defend mosqu also teach us defend church synagogu cloister hous worship
24	titl 118893
17	titl 157150 well know move
14	titl 97637
30	titl 135710 but get one say yonc that robin told us one time deal beyonc they discuss
22	titl 129555 educ children best way use websit facebook twitter pinterest tumblr may protect potenti problem
10	titl 128692 two new clip dvd blu ray special featur surfac onlin one must watch anyon
37	titl 135135 salzberg hypothes tradit art usual come explor discoveri other born
24	titl 29982 howev tax would harm 50 state report said
16	titl 90032 dream compel area research scientist part still much learn dream for scientif attent paid dream mani fundament import question dream remain unansw
37	titl 126417 don toss salt shaker yet a new analysi denmark find current recommend salt guidelin may
36	titl 11319 rememb everyon thought polit genius yeah
5	titl 165053 the resign pope benedict xvi issu rais successor deal live ex pope touch heat debat among presidenti historian american presid deal predecessor here exampl
24	titl 88784
13	titl 164191 whatev happen white sauc has wonder comfort creami sauc thicken butter flour disappear good plate
34	titl 135481 florenc inde town citi around realli dress christma time florenc decor street cascad twinkl white light street differ kind twinkl white light make spectacular scene dark fall
2	titl 75660 just anoth day life goat
5	titl 157031 celebr photo punk inspir 2013 met gala show us everyon dress like couch night
13	titl 127710 the memo instruct server alert diner ask unusu amount question regard food restaur
30	titl 131856 on saturday feb 1 beyonc made surpris appear husband jay z concert directv super saturday night
10	titl 46 director joe anthoni russo answer press question
16	titl 123896 i expert women health dermatolog even cosmet i woman learn person experi acn skin deep issu
37	titl 136661 i tri alway success live integr truth experi i want good person best thing i it direct path heart heart other
25	titl 39535 susan olsen find hilari label anti gay
34	titl 139620 the ad question featur downcast businessman sit floor look airport with one hand
2	titl 15661 we bear wit potenc black creativ influenc
30	titl 161961 check top look well celebr made week worst dress list are
3	titl 121134
22	titl 157751 realiz vast thing number peopl gone still come make sorrow fade temper exquisit joy make hous ring peal daughter delight laughter what let breath
28	titl 52807 the leagu appar look new orlean replac citi
2	titl 162303 march 17 reuter walt disney co oz great power work box offic magic second weekend follow
30	titl 197216 in photo video spot andrej famous transit femal male aesthet eas mug
17	titl 165021 who said leav home travel
25	titl 97977 each year creat chang confer collabor local host committe organ hospit suit serv specif group attende cost food may prohibit
18	titl 141222 the initi differ stand corpor realiz larg enough plenti resourc skill address social problem communiti and catch line make profit
25	titl 116915 1 hey have surgeri this kind like someon come ask vagina peni no wait exact like
10	titl 78494 their disput last better part year
25	titl 26767 the oscar nonim actor chose decid offens way express displeasur cnn anchor
24	titl 4316 the senat gave 5 000 everi state democrat parti countri total 250 000
24	titl 35731 the cabinet secretari go approv senat major leader mitch mcconnel said
25	titl 42227 last week sweden announc open male rape crisi center first one specif men world we
34	titl 196654 at haandi restaur lexington twenti eighth street cab driver india pakistan enjoy meal sometim pray togeth
10	titl 764 don surpris dog name bark hamil
30	titl 170868 with departur chunk ell com team spring follow departur accessori editor kate davidson
7	titl 157077 oscil daniel sierra vimeo even hate math class entranc daniel sierra new comput
24	titl 73315 the race 2016 republican presidenti nomin enter new urgent phase week alreadi brutish
34	titl 142696 richard simmon exercis way one bear grylli went outdoor anoth the hobbit predict involv
28	titl 43574 kevin turner die march age 46 latest former footbal player diagnos brain trauma diseas
30	titl 143619 now kate receiv offici stamp approv anna wintour carin roitfeld karl lagerfeld think
36	titl 51330 ladi men alway go us
24	titl 20969 and news day
11	titl 149740 transcanada corp propos pipelin design carri 830 000 barrel crude oil per day canadian oil sand
30	titl 173415 nicki slight problem
10	titl 146506 the strength nobodi home cinemat work plenti appeal perfect insight dysfunct famili i make bold statement us live modern world belong
10	titl 41862 the real controversi melania trump plagiar
29	titl 104942
34	titl 138705 i share beer uruguay brazilian news broke countri alleg spi countri i share naan india afghani u s war afghanistan it hard see map line share meal across border
37	titl 136359 this futur person health care fill excit option easier better becaus conveni fun get devic carri improv save live may import function
29	titl 13828 trick treat yo self
24	titl 43001 your next presid
33	titl 55102 it best dust settl summer time inform negoti state chief execut vote leav campaign said
26	titl 107108
10	titl 101960
18	titl 101190 as student return institut higher learn month greet new year start spring semest climat like relat attitud perspect toward campus violenc sexual assault
27	titl 63063 yawn thing catch peopl around
10	titl 52566 are tri tell someth
34	titl 148626 what want done time planet
5	titl 75584 keep complain
32	titl 11637 move amazon
17	titl 154466 marbl use master craftsmen throughout age adorn palac floor ceil wall although
10	titl 121587
37	titl 169541 we stop feel stress what year prime brain stress longer someth fear rather sign someth need pay attent chanc figur want spend precious moment
10	titl 102266
24	titl 6892 privat insur compani fail american peopl senat said thursday
24	titl 66865 the heat clinton campaign
0	titl 96489
25	titl 21991 michael ighodaro attack homophob home citi abuja wait taxi outsid friend
23	titl 123940 you drew bat shoulder readi real thing pleas let get first i thought it mean world
18	titl 84366 around world tradit oppress women treat differ give opportun
20	titl 90491 if brian william get six month sentenc misrepres report role georg stephanopoulo deserv noth less masquerad object journalist ask ostens tough question
5	titl 64522 so mani ck pic post actress twitter page littl time
23	titl 78056 a new studi test kid react moral situat
35	titl 157998 keep touch check huffpost wed facebook twitter pinterest for wed gift idea break
40	titl 88917 the obama administr enter battl new york time articl question iran commit nuclear talk the white hous state depart act iran advoc reflect administr obsess leav behind legaci forg partnership iran
24	titl 5674 what would father say spread fake news sad
10	titl 62774 i go see happen
27	titl 120619 i met three impress mar one women last weekend kenya armbrist blake bevin megan kane these women determin they distinct skill knowledg bring mar they fun talk smart person live i go mar heartbeat
34	titl 157456 shiok familiar part equat local slang singapor describ feel fantast indescrib sensat
8	titl 152022 when i move parent hous 18 busi keep track younger sibl transit
24	titl 101148
18	titl 121973 mental health challeng signific barrier econom social develop around world resourc expertis extrem limit creat huge gap need abil treat
24	titl 21633 on recent radio show new york citi mayor bill deblasio said wish panhandl exist i agre but i also wish
37	titl 188815 besid post game recoveri regimen ice stretch cortison shot time footbal player access brain rehabilit well
24	titl 17963 the pardon slap work judici system make arpaio account
24	titl 9835 rep gwen moor worri senat teenag intern win elect
19	titl 65276 the data releas ahead crucial u s suprem court case
24	titl 106965 this presid obama someth bigger deeper it whether real hope america whether specif hope liber america play role nation need play
24	titl 73047 a man masquerad member congress walk secur backstag area without proper screen spoke
30	titl 191296 fame who singer florenc welch want be sure check stylelist twitter facebook tumblr pinterest what
16	titl 83945 we stand behind safeti efficaci product
24	titl 1473 kellyann conway pleas
22	titl 160582 it one thing parti plan sourc joy prioriti forego fanci parti trap mean love child enough care enough moment celebr
28	titl 34821 i tell happen i know i muslim u s citizen said
10	titl 43689 seth rogen evan goldberg explain anim made joke even funnier
34	titl 165446 despit incred statist like still mani fear fli everi day joe thompson young british
10	titl 311 send giftbasket marvel
33	titl 42437 the depos muslim brotherhood leader face retrial
24	titl 66605 it latest chapter stellar legal career taken 46 year old litig known sri seat
24	titl 26081 but stop orang counti prosecutor use secur convict decad
37	titl 129458 in experi scientist graft sampl tissu lesion peopl psoriasi onto genet
37	titl 160447 de stress person experi discov make calm so effort de stress i join colleagu make list thing i determin stop stress
27	titl 74193 through food reinforc train bird remark abil distinguish malign benign tissu
11	titl 192408 a renew energi futur citi cincinnati great news great first step direct need go nation it time see real deploy distribut renew energi solut across america
30	titl 188233 despit less glamor packag product someth i know i need could actual put use
10	titl 42885 two year ago niki boyfriend jessey move florida say exist day day chase addict
25	titl 21776 the tender love sometim self destruct michael alago open new documentari
13	titl 173899 while foodi alway look new restaur art lover flock latest exhibit bar fli explor u s coast coast search best bar countri here three coolest bar found far
10	titl 95593
15	titl 100937 california multi year drought grew dire enough 2014 prompt governor jerri brown declar drought emerg januari by end year california experienc driest hottest 36 month 119 year instrument record
37	titl 165456 anni kagan medium psychic die come back life in fact awaken deceas
8	titl 128370 the thing renov went less perfect we agre hous contractor everyth
4	titl 99689 abov happi key if hate end world tri someth differ life short unhappi
16	titl 26308 i skill privileg acknowledg one dispel
24	titl 56305 no civilian america need ar 15
34	titl 151817 on first day summer trip help local guid tom wright i get right date latest
17	titl 148545 we imagin much plan went diy
30	titl 192271 mariah red black leg pair black jacket boot look littl snug but
24	titl 57463 the sander campaign mount last ditch effort persuad 712 super deleg 541 alreadi declar clinton reconsid premis sander better shot beat trump they increas go broke mood mani sander support far milit sander open express hope clinton indict aspect email dust that seem high improb howev clinton unabl catch break the theme campaign experi compet improp use privat email server suggest neither it give trump huge open challeng honesti probabl signal declin voter trust clinton
38	titl 59053 ren e elis goldsberri hold truth self evid werk
23	titl 116792
37	titl 168120 five i question identifi ident immedi intent insid your i 5 travel state conscious
30	titl 150176 with tradit formal announc birth behind us proud parent reveal world name new son but hold breath announc could take
2	titl 145095 for last week mani commemor 50th anniversari march washington howev one must ask media ordinari citizen equal passion cover anniversari sixteenth street baptist church bomb
37	titl 181217 now get wrong i love cake but i comfort eat way sort health problem misguid
37	titl 164705 the key manag conflict first foremost recogn differ peopl we differ valu prioriti perspect everyon go see world way
13	titl 136987 we cring 2014 might bring
30	titl 158686 see done hair tutori tell us comment section hair tie trick work
6	titl 42487 the judg earlier toss dassey confess
3	titl 57360 a credit card buy peopl time job hunt
37	titl 161106 my life seem glamor promis i 20s live pari normandi spend day train ballet modern danc jazz spend even club vip actor model athlet there one littl problem i kill
2	titl 51248 jalen bailey said want make mom happi
3	titl 67156 stomach growl
11	titl 180597 this week saw number interest anim stori emerg in indonesia 40 year old orangutan name gober see
39	titl 5683 his scandal plagu year power darken divid nelson mandela rainbow nation
34	titl 175005 i spent major past three year abroad whether live travel given broader object perspect state u s polit u s general and struck fellow countrymen extent american side aisl believ outcom given elect better wors chang live countri way beyond control
24	titl 48026 the gop nomine said get exercis wave hand around talk
22	titl 131789 you explain credit swipe credit card mean pay thing after buy someth credit card show month bill understand credit card work
24	titl 76236 the democrat presidenti candid want gop challeng stand nra
3	titl 155538 the lego model put lego model shame proud display new york time squar last week the life
34	titl 89918 agre disagre foreign polici washington bureaucraci place event i would encourag everi american visit pay homag their symbol preserv generat
3	titl 162984 driver spent time congest road decemb januari februari month year earlier accord
27	titl 132546 while mani astronom describ g2 larg cloud dozen time massiv earth could also smaller
10	titl 72156 what gonna outlaw everyth
25	titl 21636 each week lgbt healthlink program centerlink research blogger corey prachniak rinc n bring round
24	titl 7222 he tell public 15 minut later staff handl social media spokeswoman said
22	titl 192126 he also share letter written like rest blog averi voic ask one time peopl
36	titl 52536 that one zu bat return roost tonight
23	titl 58813 while symptom reach crisi level short junior year high school alway knew brook worrier
37	titl 190573 the key live long better take advantag control come health say david b agus
28	titl 115768
28	titl 112626 with nhl season open month away hockey fan everywher gear place expect
24	titl 76123 we settl score wipe slate clean
30	titl 130830 we howev embrac grey weather but fashion week still goe earlier week obsess
29	titl 116335
15	titl 67315 filthi mat emaci weak piec debri wire embed cake togeth fur burrow deep
10	titl 103032 but newest two day one night pull almost instant held grip conclus it small stori individu fight econom life famili suburb lieg belgium
13	titl 169162 fudg stapl southern u s confect 100 year sinc usual sold weight heap portion nasti habit dri unless seal singl serv packag that fudg bucket born
17	titl 186423 are look mainten free plant take heat summer month euphorbia breathless white
13	titl 161598 these slow motion graphic amaz
13	titl 138964 we know holiday stress time sometim food turn right guest late enough time world put togeth perfect dinner envis
33	titl 79712 poll indic tight race go vote
24	titl 53064 is sarah palin circa 2008
29	titl 124546 with talk lululemon dumpi new ceo laurent potdevin helm fit conscious compani seem fit explor brand high contour often copycat cloth made sought non athlet athlet apparel
3	titl 200203 over interven three year obama well got stimulus packag year later absurd complic new law address everyth except import issu and
39	titl 24041 his famili say medic evacu coma 15 month
38	titl 112784 brave mean accept reject treat failur essenti part success true braveri realize women competitor assist one anoth it also whole
30	titl 180219 as middl brother randi taylor long run 90s tv show home improv jonathan taylor thoma secur teen heartthrob
10	titl 86766 i half british father half american mother i grew london my father writer director theatr opera pretti much anyth els stage my mother also work theatr met father new york
13	titl 143303 yes read correct
28	titl 74892 he found guilti north carolina judg say
14	titl 82027 stay healthi littl one
30	titl 179805 everi season new york fashion week delight surpris occasion bore but alway moment year
22	titl 184775 i love jay walli i also discov i alway feel equal close
39	titl 24854 ifaw tenboma initi aim predict prevent poacher next strike
24	titl 51959 trump public drop scalia name convent sole consid judg right stuff it one person knew other consid demigod among parti ultra conserv pro lifer evangel
34	titl 169671 a resort shaken stir
18	titl 85536 rememb time last year everyon congresswoman favorit singer probabl distant cousin 10 dump
24	titl 112683 the mayor latvian capit citi riga nil ushakov state yesterday moscow latvia best thing possibl right presid vladimir putin his presenc moscow comment putin illustr far view mani latvian diverg western mainstream relat russia west
27	titl 60646 new research find alter gut bacteria mice chang way brain work
24	titl 42133 state rep jason spencer cite viscer reaction
37	titl 133271 10 the smell bbq drool worthi disgust time kerri cragin while field groan worthi question
9	titl 40886 the challeng analyz purchas decis student achiev mani
24	titl 52885 i think sad day republican parti
22	titl 188340 this kid could belong one us to fact
38	titl 121540 be alon mean lone and certain mean spend everi wake hour look someon share alon time
5	titl 125420 if gop go reach young voter music festiv like coachella probabl avoid call peopl home
5	titl 37502 sometim truth need catchi tune
34	titl 157943 noth send ocean swimmer flee shore faster fin sight for brave soul howev thrill float alongsid big fish far outweigh fright here best place world get nose snout shark
24	titl 76360 seven 10 republican support candid still sure choic
24	titl 80241 the offic america toughest sheriff cost arizona counti million dollar may face toughest
38	titl 121678 strive becom comfort skin it journey confid decis valu person help lead fulfil life
3	titl 71764 everyon know need chang peopl get benefit america but one realli sure
25	titl 95587 that word use us past but use word someon alreadi call word so i claim i i use i wear i queer
13	titl 161178 this bread pud brim sweet pork sausag sharp cheddar deepli flavor crisp golden crust tender creami interior
24	titl 77114 vice presid joe biden near decis enter presidenti race could come within 48 hour
24	titl 75390 democrat presidenti candid berni sander told report wednesday presid obama reject keyston
25	titl 191012 rather simpli teas pick lauber romney initi violent use forc lauber attempt ensur lauber appear fashion accept romney
0	titl 90708 the san francisco intern film festiv kick theater takeov everi late april this year open night film oscar winner alex gibney steve job the man in the machin
18	titl 164399 it happen five minut i toilet said the govern syria made clear
34	titl 135669 bay breaker california the oldest consecut run annual footrac world one contradict some peopl
34	titl 172113 my first airplan ride i nine year old my mom brought three us kid special travel outfit i recal specif i rememb shini white patent leather shoe the stewardess exot food delici whole experi glamor we visit cockpit wore tin pilot wing proud back seat
37	titl 166363 instead buy juicer i thought i tri use blender mix fruit veggi like i protein shake well i glad i i love way tast i also experienc benefit abund anti inflammatori agent found veget
24	titl 42996 he also prais hillari clinton histor campaign
37	titl 163098 got success stori send us success stori huffingtonpost com could featur site
14	titl 80098 she actual manag make disappoint look cute
37	titl 128365 if live authent without fear pleas everyon even peopl longer coupl week if find prove wrong take sign need make chang
34	titl 46414 if run compani would like travel work tri outsourc part busi onlin platform
24	titl 12675 the suspect face two charg one carri death penalti govern choos seek
23	titl 22887 the name declin peak 2009 seem grow popular
8	titl 149203 hey kate pleas introduc us famili there eight us there husband chad kid eddi
26	titl 44267 so much welcom stranger
37	titl 144587 i give kiss hug smile big light entir soul i danc rain laugh hard i let feel good stuff life offer
40	titl 83500 when come iran econom landscap nuclear deal major question address what sector like wit foreign invest flourish which countri like rekindl busi gain what iranian leader invest what opportun risk
24	titl 11871 cross post tomdispatch com as read into afghan abyss again historian alfr mccoy author recent
33	titl 33453 as china look fill america trump induc global gap role africa scrutini
28	titl 87950 jane mcmanus u s soccer got wrong
30	titl 192554 got noth green wear let fix
18	titl 92707 in 2006 i found good good commit give children chanc thrive sinc good good help near 80 000 vulner children malawi get care need
10	titl 4648 now i feel inadequ molli mcnearney write funni essay
40	titl 99848 as case 1996 polici appeas dire consequ democrat opposit cuba suffer sever setback next four year
38	titl 39307 my word spoken sort delusion girl persona
24	titl 59466 one day assur american run presid make thing unstabl countri presumpt
23	titl 18082 do feel like alway tell kid no no screen time no sweet no
2	titl 51637 well said
31	titl 100474 five year ago wendi first nation chain add blue chees top burger introduc bacon blue now updat idea bacon blue brioch burger join menu week
37	titl 144084 ultim import thing coach mere point opportun see differ worldview help chang worldview
31	titl 106953 it bad tast
24	titl 67423 new hampshir jew yes exist even talk
15	titl 92925 the first earth day inspir on day 1970 20 million peopl turn demand protect restor earth air water forest natur land speci support sustain enrich everi aspect live
21	titl 174351 the elect behind us new uncertainti loom tax more immedi altern minimum tax could also slam
5	titl 77016 harri stuf k hastili back jean tri look innoc
3	titl 51428
24	titl 65119 the commonwealth love clinton
24	titl 114692
6	titl 67166 his eye roll back rooki polic offic peter liang said voic break he lay still
29	titl 47743
13	titl 147023 this one recip realli keep
16	titl 94221 there mani peopl quick tell us opinion allow deviat chang mind make dream smaller today ask i want challeng
23	titl 109433
24	titl 34324 brilliant controversi dr will happer princeton say call climat denier feel like label nazi sympath
24	titl 55261 internet poll seem perform better telephon poll
24	titl 69397 he got good idea requir action republican congress
10	titl 167101 gosford park http www popcorndiari com pagesclass cla gosford park htm read popcorn preview www popcorndiari com
5	titl 10230 twas night tax scam nation american work end frustrat they read
29	titl 26989 make it stop
24	titl 75506 the gop want preserv govern payout bank
37	titl 176570 studi show mani may suspect we live increas narcissist societi
10	titl 3287 their son noah diagnos cancer back 2016
5	titl 80379 it classi it fantast it huge
30	titl 167175 your feet thank us
24	titl 57804 with peopl i know panic mode latest opinion poll show donald trump perform well prospect
24	titl 400 anoth concern gun right activist state ban give enough notic resid possess bump stock case feloni
36	titl 66607 cute pup educ us five differ embrac
25	titl 165773 in edit weekl i tell expect grammi fear i mean scare much right bat spoiler alert ladi antebellum come twice
33	titl 39475 china seizur unman underwat vehicl trigger diplomat protest
24	titl 72246 while step forward goe nowher near far enough
37	titl 189387 we wait pet love one overweight begin eat healthier the truth eat proper begin birth continu live this import
2	titl 64826 regrett 51 year 600 peopl risk live bloodi sunday expand democraci peopl color 2016 presidenti elect fast approach mani voter color new jersey rather experienc increas polit particip lose vote right daili
39	titl 13806 her husband joshua boyl specifi condit
22	titl 139537 technolog need navig right place servic real rich experi live best live way draw us away natur human interact fleet moment famili life
24	titl 96765 liberian communiti excit first learn buchanan renew project howev big gain impli big risk lead catastroph result particular fragil post conflict region institut weak communiti vulner
30	titl 152906 all alexa sound like scenario teen ever find yet mani we glad alexa manag maintain
24	titl 64753 resid michigan citi want action high profil water crisi democrat candid
16	titl 85823 everyon know
6	titl 91028 the extent natur consequ drug use crimin behavior well known well document literatur
10	titl 64032 and done
10	titl 25280 olivia campbel kill manchest bomb big fan singer
10	titl 38886 her word especi poignant
28	titl 23887 the person aircraft suffer serious burn
24	titl 76869 in 1928 indian immigr name vaishno das bagai rent room san jose turn gas end life he
3	titl 110578
13	titl 125607 not fri ridicul good feel like order someth privileg actual know exist
10	titl 14702 you could never today seinfeld said old episod
3	titl 52894 a judg refus extend protect shield nick denton liabil
24	titl 107856
17	titl 138315 the event novemb 22 1963 indel etch conscienc remain motiv factor person
12	titl 59978 it one week husband complet august 2010 tour de napa centuri bike ride napa valley experienc devast stroke in emerg room cedar sinai hospit staff kept pull asid ask i understood grave condit
31	titl 108662 it scari think or
26	titl 54084 the famili stay justin welbi london resid start next month
24	titl 4167 emmet flood veteran attorney repres presid bill clinton impeach hear
24	titl 112987 barber hairdress like dionn flower st loui integr part societi the inconceiv unknown detail stori dionn train licens hairdress offic pull trigger kajiem powel licens
23	titl 35571 wow
17	titl 143461 have someth say check huffpost home twitter facebook pinterest tumblr instagram do home
34	titl 117308 the sens pride i feel live oakland underdog type pride i alway underdog oakland celebr divers advers odd i love
33	titl 20336 here xi use upcom parti congress
24	titl 112123
24	titl 31061 with deal doubt trump take ball go home
22	titl 190521 about month ago susan orlean crack us tweet follow this morn apropo noth 7 yo
22	titl 125910 the realiti life unfold pace way base factor person control mani
40	titl 98140 so india swach shakti moment gigawatt solar wind high perform urban develop inclus low carbon growth but two major threat
3	titl 166993 there good news bad news tri luck januari 26 powerbal lotteri ticket the bad news
30	titl 173445 well hello mrs timberlak
24	titl 47829 but allow campaign releas statement
36	titl 29192 it boy
20	titl 73029 after four decad the washington post decid renew veteran nation secur columnist contract
24	titl 36065 the spill come amid heat debat oil pipelin safeti unit state
0	titl 50809
24	titl 35761 i go die where peopl expect refuge go
20	titl 79174 debbi robin de la bouilleri high respect execut cultur expert deep root entertain industri
31	titl 117869 have ever success knock back shooter live scorpion hand
6	titl 56436 a man dress like appl store employe waltz compani new york citi soho locat use disguis
24	titl 122422
37	titl 190564 tradit pharma medic devic compani design health tool health care profession clinic set what miss thought end user patient
39	titl 16236 the egregi practic muslim men employ divorc wive instantan without consent mere
24	titl 69580 the congressman call obama pro abort presid ever
10	titl 34474 they never abl hold grammi let alon accept behalf
24	titl 43224 what happen merrick garland novemb 8
27	titl 41052 an open letter sign america top mind hope counter influenc climat chang denier oil exec
37	titl 129558 while caregiv may extrem success area life littl prepar respons care love one few caregiv done it emot marathon
23	titl 16611 the singer share real convers friend
33	titl 38161 sentenc 20 year old sergeant hand later date
37	titl 144909 these women overestim benefit surgeri cpm affect outcom rosenberg said despit
34	titl 184098 nepal stop vacat destin it intens uncomfort frustrat chaotic surpris
2	titl 16057 oftentim understand good gone we realiz valu time place experi
38	titl 85124 welcom woman opinion sexual ident internet
10	titl 139900 jennif lawrenc jennif aniston may chop lock week jennif hudson shorter
24	titl 104632 no struggl world unequ one tibet china beij posit tibet unassail reinforc network weather road airport expand railway line integr world highest largest remotest plateau close mainland
24	titl 21206 it six month sinc donald trump took offic almost endless car wreck presid we breathless
35	titl 199838 view full set law regul regard marriag japan the marriag certif japanes municip govern
24	titl 21655 guess countri boycot negoti ban nuclear weapon
30	titl 165208 total terrifi fingertip
37	titl 136565 break point my wife i want kid we want adopt weight tricki i alway felt horribl
22	titl 163277 there constant debat surround charter school i simpl question i want explor what point
40	titl 69180
25	titl 137103 7 treat depress gender dysphoria this similar idea best way treat chronic back pain vicodin rather surgeri would address under problem
24	titl 107539
37	titl 155192 mind present valuabl tool face daili challeng stay close partner it allow us becom center calm talk thing instead spiral scream match
11	titl 139902 coqui want excess loud nois overpopul disrupt billionair larri ellison fantasi island take giant
5	titl 186518 from begin week rule arizona immigr law big health care decis thursday
28	titl 172215 trail 14 0 even five minut game clock cornhusk face 3rd 11 back 24 yard
24	titl 54777 she said late ambassador lot respect former secretari state
16	titl 19180 a studi led colleagu rebecca siegel mph made headlin week identifi worrisom rise colorect
26	titl 85994 on sport spiritu sexual date anyon
10	titl 143198 those enamor 19th centuri literari entangl go ga ga the invis woman the movi shine light
5	titl 11043 they realli love name albert
10	titl 51453 we still boat togeth let rock
6	titl 112100 the peopl davi california think the new york time report week their polic depart return pentagon gift mine resist ambush protect motor tank mrap
37	titl 141065 the studi i have what he have group order behavior food choic decis present agricultur
5	titl 131873
25	titl 37890 i resolv year remain fearless
3	titl 91923 with demand comput scienc cs graduat rise lot cs student choic whether work big establish tech compani take plung startup build startup
26	titl 102751 legal speak 2014 good year secular american the u s suprem court rule close held profit corpor claim religi exempt law go owner religi belief
34	titl 144418 o zapft proclam jumpstart oktoberfest festiv across germani celebr america found uniqu way get parti start
7	titl 157070 in late 1930s dali artist style took turn tradit trend reflect polit lean
19	titl 119548 although media talk need advertis popular it smell parti seen air public concert detect half close eye appear nation televis
24	titl 48545 he stand trump prais russian presid commit numer human right abus
1	titl 23889 an ode seri tragic charact
37	titl 161936 if take care love life nurtur appreci wait longer frustrat it even becom excit excit countdown christma
37	titl 163594 flier face lengthi layov delay sometim feel stuck airport limbo exhaust hour transit travel
37	titl 138917 statist asid holiday great time practic self control around buffet get creativ sneak workout amongst crazi it also opportun time ask love one give gift encourag healthi lifestyl
33	titl 54273 how believ someon caress right hand strike left hand
24	titl 78966 fund expir wednesday night congress fail act
13	titl 136823 sorri herb today dill day
10	titl 1376 dr jan adam implor rapper start deal fact
6	titl 112438
37	titl 188276 a woman whose face left disfigur tumour told tri sooth peopl scare tell
40	titl 94608 this deal verifi prevent iran build bomb least 15 year no american troop kill cost us dime what like
20	titl 82581 press freedom group find st loui counti prosecutor decis astonish outrag appal
24	titl 68433 the document reveal gap intellig wmd whi pentagon chief share
31	titl 25670 let make memor holiday good way
34	titl 152207 after long day commut comput number crunch nice trade fresh air sunshin give rural life tri farm stay great way embrac simpl live
24	titl 4555 critic gun lobbi go big
24	titl 33856 even democrat prais appoint
16	titl 8723 hope turn happi one u s coupl birth son last month follow woman success
37	titl 174736 mani practition believ deep tissu massag releas toxin muscl blood stream they assert
24	titl 12812 jonathan martin taken aim jerri falwel jr escort campus univers call public safeti reason
24	titl 63483 he presumpt nomine
37	titl 136165 the joy relationship abl connect heart share love partner parent children friend if experi might want consid inner work come year
35	titl 196043 the thing wors chore twice the main area men fall short laundri vacuum
6	titl 107190
16	titl 88724
37	titl 194888 feel fear make weak victim fear bodi respons life threaten situat move deep breath dispers chemic reaction fear
37	titl 145227 i spent day medit teacher taught get benefit medit minut i wait walk cook even clean forget chant mountain dalai lama
13	titl 199936 a coupl tosi recip chocol chocol cooki birthday cake chef we love valentin day tribut
25	titl 34432 we spoke coupl find poli play love day year top photo jack london
5	titl 32864 it quit simpl
20	titl 1669 what paypal co founder plan news site remain unclear
10	titl 62705 you butter believ
16	titl 35153 fewer half youth organ offer test
28	titl 130578 the convolut 2014 edit contest broken two segment refram competit confer
12	titl 56925 when i littl girl parent brought home puppi i quit sure pick particular puppi bring home neither ever own dog go big one
10	titl 832 he pop question surround queer eye famili
23	titl 105266 thank realism alway work without even know back interview thank support need messag
30	titl 138242 usual feel guilti get second third help stuf pumpkin pie turn favorit
14	titl 122307 the day i lost twenti dollar realli bother but new day longer import in fact i feel right keep
24	titl 77462 and past three month
24	titl 49943 i content condemn etern inferior second class citizen
10	titl 37621 a summeri season 3 delet scene get cold winter
31	titl 62467 it time extend daylight bike ride new crop fresh produc what better way welcom warmer weather fresh season recip
24	titl 42967 the blue state first male congression deleg sinc 1973
29	titl 48676 she girl world could pull
30	titl 159532 photo see may 2013 cover shot mario testino click vogu com see rest 20 inspir
32	titl 53119 the move come fatal crash involv tesla autopilot mode
39	titl 18829 dozen also injur incid island madeira
24	titl 47121 this good
24	titl 25666 the agent conduct target enforc action immigr offici said
34	titl 198154 while today regard volcano various danger sexual beauti ancient held mythic
28	titl 77005 probe clear employe center scandal end scrutini industri
38	titl 39239 she say i u do
5	titl 111366
37	titl 133654 tomorrow anoth day anoth chanc feather friend member speci what bounti reaper frenchwoman figur mythic or one rais head high seiz day burnish life zest outsid
28	titl 81811 mauric gift
35	titl 183769 in end hullabaloo ring seem like whole lot nois often distract women appreci real everlast bond husband wife friendship
30	titl 139507 but hey kate moss alway surpris us will buy issu playboy real thing hit
5	titl 3010 almost
16	titl 50146 i alway want see south africa majest wildlif truli one natur short i start freelanc
38	titl 112458
24	titl 74198 to deni isi place world build place heart muslim
8	titl 150094 reject hurt liter most peopl experienc reject one point anoth whether unrequit love
23	titl 85655 when new parent sleep issu part deal initi ritual sort befor babi arriv everyon
11	titl 155641 anoth scientist pipelin credit mari ellen hart climat chang media who pay the price
27	titl 58238 tune convers expert organ transplant harvard school public health
24	titl 3875 trump claim lift gop candid rick saccon margin even though saccon expect easili win tradit red district
30	titl 196550 zoo york skateboard apparel compani own marc ecko decid seiz zeitgeist put sport illustr
30	titl 154887 watch we becom strang immun hollywood bizarr beauti trick whether jennif aniston debut cup
10	titl 86058 what apocalyps without norman reedus in new movi air reedus find anoth world face crisi